time,planet,BouncBackInputPlanet,GetAllMaleficPlanetsAspecting,HousePlanetOccupiesBasedOnLongitudes,HousePlanetOccupiesBasedOnSign,HousesInAspect,HousesOwnedByPlanet,IsPlanetAspectedByBeneficPlanets,IsPlanetAspectedByEnemyPlanets,IsPlanetAspectedByFriendPlanets,IsPlanetAspectedByMaleficPlanets,IsPlanetBenefic,IsPlanetBeneficToLagna,IsPlanetCombust,IsPlanetConjunctWithBeneficPlanets,IsPlanetConjunctWithEnemyPlanets,IsPlanetConjunctWithFriendPlanets,IsPlanetConjunctWithMaleficPlanets,IsPlanetDebilitated,IsPlanetExaltedDegree,IsPlanetExaltedSign,IsPlanetInEnemyHouse,IsPlanetInEnemySign,IsPlanetInFriendHouse,IsPlanetInFriendSign,IsPlanetInGarvitaAvasta,IsPlanetInKendra,IsPlanetInKshobhitaAvasta,IsPlanetInKshuditaAvasta,IsPlanetInLajjitaAvasta,IsPlanetInMoolatrikona,IsPlanetInMuditaAvasta,IsPlanetInOwnHouse,IsPlanetInOwnSign,IsPlanetInTrashitaAvasta,IsPlanetInTrikona,IsPlanetInUpachaya,IsPlanetInWaterySign,IsPlanetMalefic,IsPlanetMaleficToLagna,IsPlanetMarakaToLagna,IsPlanetRetrograde,IsPlanetStrongInShadbala,IsPlanetYogakarakaToLagna,PlanetAbdaBala,PlanetAkshavedamshaD45Sign_Name,PlanetAkshavedamshaD45Sign_DegreesIn,PlanetAvasta,PlanetAyanaBala,PlanetBhamshaD27Sign_Name,PlanetBhamshaD27Sign_DegreesIn,PlanetChaturthamshaD4Sign_Name,PlanetChaturthamshaD4Sign_DegreesIn,PlanetChaturvimshamshaD24Sign_Name,PlanetChaturvimshamshaD24Sign_DegreesIn,PlanetConstellation,PlanetDasaNature,PlanetDashamamshaD10Sign_Name,PlanetDashamamshaD10Sign_DegreesIn,PlanetDeclination,PlanetDigBala,PlanetDrekkanaBala,PlanetDrekkanaD3Sign_Name,PlanetDrekkanaD3Sign_DegreesIn,PlanetDrikBala,PlanetDwadashamshaD12Sign_Name,PlanetDwadashamshaD12Sign_DegreesIn,PlanetDwadashamshaSignOLD,PlanetEphemerisLongitude_DegreeMinuteSecond,PlanetEphemerisLongitude_TotalDegrees,PlanetHoraBala,PlanetHoraD2Signs_Name,PlanetHoraD2Signs_DegreesIn,PlanetIshtaKashtaScoreDegree,PlanetIshtaScore,PlanetKalaBala,PlanetKashtaScore,PlanetKendraBala,PlanetKhavedamshaD40Sign_Name,PlanetKhavedamshaD40Sign_DegreesIn,PlanetLordOfConstellation_Name,PlanetLordOfZodiacSign_Name,PlanetMasaBala,PlanetMotionName,PlanetNaisargikaBala,PlanetNathonnathaBala,PlanetNatureScore,PlanetNavamshaD9Sign_Name,PlanetNavamshaD9Sign_DegreesIn,PlanetNirayanaLongitude_DegreeMinuteSecond,PlanetNirayanaLongitude_TotalDegrees,PlanetOchchaBala,PlanetOjayugmarasyamsaBala,PlanetOwnAshtakvargaBindu,PlanetPakshaBala,PlanetPowerPercentage,PlanetRasiD1Sign_Name,PlanetRasiD1Sign_DegreesIn,PlanetSaptamshaD7Sign_Name,PlanetSaptamshaD7Sign_DegreesIn,PlanetSaptamshaSignOLD,PlanetSaptavargajaBala,PlanetsAspectingPlanet,PlanetSayanaLatitude_DegreeMinuteSecond,PlanetSayanaLatitude_TotalDegrees,PlanetSayanaLongitude_DegreeMinuteSecond,PlanetSayanaLongitude_TotalDegrees,PlanetShadbalaPinda,PlanetShashtyamshaD60Sign_Name,PlanetShashtyamshaD60Sign_DegreesIn,PlanetShodashamshaD16Sign_Name,PlanetShodashamshaD16Sign_DegreesIn,PlanetsInAspect,PlanetsInConjunction,PlanetSpeed,PlanetSthanaBala,PlanetStrength,PlanetTemporaryFriendList,PlanetTribhagaBala,PlanetTrimshamshaD30Sign_Name,PlanetTrimshamshaD30Sign_DegreesIn,PlanetVaraBala,PlanetVimshamshaD20Sign_Name,PlanetVimshamshaD20Sign_DegreesIn,PlanetZodiacSignBasedOnHouseLongitudes_Name,PlanetZodiacSignBasedOnHouseLongitudes_DegreesIn,ResidentialStrength,SignsPlanetIsAspecting,SwissEphemeris
23:40 31/12/2010 +0800,Sun,Sun,['Ketu'],House4,House4,House10,House12,False,False,False,True,False,False,False,False,False,False,True,False,False,False,False,False,True,True,False,True,False,False,False,False,True,False,False,False,False,False,False,True,False,False,False,False,False,0,Scorpio,"{'DegreeMinuteSecond': ""22° 29' 14"", 'TotalDegrees': '22.487222222222222'}",MuditaDelighted,2.269024698703621,Gemini,"{'DegreeMinuteSecond': ""7° 29' 33"", 'TotalDegrees': '7.4925'}",Gemini,"{'DegreeMinuteSecond': ""3° 19' 55"", 'TotalDegrees': '3.3319444444444444'}",Leo,"{'DegreeMinuteSecond': ""19° 59' 36"", 'TotalDegrees': '19.993333333333332'}",Poorvashada - 1,Good,Taurus,"{'DegreeMinuteSecond': ""8° 19' 49"", 'TotalDegrees': '8.330277777777777'}",-23.09239012051855,4.346481481481482,0,Aries,"{'DegreeMinuteSecond': ""17° 29' 57"", 'TotalDegrees': '17.499166666666667'}",-18.555798611111122,Gemini,"{'DegreeMinuteSecond': ""9° 59' 48"", 'TotalDegrees': '9.996666666666666'}",Gemini,279° 50' 56,279.8488888888889,0,Aries,"{'DegreeMinuteSecond': ""17° 29' 57"", 'TotalDegrees': '17.499166666666667'}",-3.037,25.65800719723442,51.8304135875925,33.78855822118882,15,Capricorn,"{'DegreeMinuteSecond': ""3° 19' 19"", 'TotalDegrees': '3.3219444444444446'}",Venus,Jupiter,0,Direct,60,4.665277777777778,-2,Leo,"{'DegreeMinuteSecond': ""22° 29' 51"", 'TotalDegrees': '22.4975'}",255° 50' 0,255.83333333333334,21.944444444444443,30,4,44.89611111111111,0,Sagittarius,"{'DegreeMinuteSecond': ""15° 49' 59"", 'TotalDegrees': '15.833055555555555'}",Pisces,"{'DegreeMinuteSecond': ""20° 49' 52"", 'TotalDegrees': '20.83111111111111'}",Pisces,127.5,['Ketu'],0° 0' 0,0,279° 50' 56,279.8488888888889,292.07,Cancer,"{'DegreeMinuteSecond': ""19° 59' 0"", 'TotalDegrees': '19.983333333333334'}",Leo,"{'DegreeMinuteSecond': ""13° 19' 43"", 'TotalDegrees': '13.328611111111112'}",['Ketu'],['Rahu'],1.019481040304624,194.44444444444446,292.07,"['Jupiter', 'Saturn', 'Venus', 'Moon', 'Mercury']",0,Sagittarius,"{'DegreeMinuteSecond': ""24° 59' 30"", 'TotalDegrees': '24.991666666666667'}",0,Gemini,"{'DegreeMinuteSecond': ""16° 39' 39"", 'TotalDegrees': '16.660833333333333'}",Sagittarius,"{'DegreeMinuteSecond': ""28° 52' 22"", 'TotalDegrees': '28.872777777777777'}",0,Gemini,"{ Longitude = 279.8490669913603, Latitude = 3.2650528645083265E-06, DistanceAU = 0.9833597700140327, SpeedLongitude = 0, SpeedLatitude = 0, SpeedDistance = 0 }"
00:40 01/01/2011 +0800,Sun,Sun,['Ketu'],House3,House3,House9,House11,False,False,False,True,False,False,False,False,False,False,True,False,False,False,False,False,True,True,False,False,False,False,False,False,True,False,False,False,False,True,False,True,True,False,False,False,False,0,Scorpio,"{'DegreeMinuteSecond': ""24° 23' 59"", 'TotalDegrees': '24.399722222222223'}",MuditaDelighted,2.2764762920742765,Gemini,"{'DegreeMinuteSecond': ""8° 38' 23"", 'TotalDegrees': '8.639722222222222'}",Gemini,"{'DegreeMinuteSecond': ""3° 30' 8"", 'TotalDegrees': '3.502222222222222'}",Leo,"{'DegreeMinuteSecond': ""21° 0' 47"", 'TotalDegrees': '21.013055555555557'}",Poorvashada - 1,Bad,Taurus,"{'DegreeMinuteSecond': ""8° 45' 20"", 'TotalDegrees': '8.755555555555556'}",-23.08940948317029,9.15175925925926,0,Aries,"{'DegreeMinuteSecond': ""17° 37' 35"", 'TotalDegrees': '17.62638888888889'}",-18.504826388888887,Gemini,"{'DegreeMinuteSecond': ""10° 30' 23"", 'TotalDegrees': '10.506388888888889'}",Gemini,279° 53' 29,279.8913888888889,0,Aries,"{'DegreeMinuteSecond': ""17° 37' 35"", 'TotalDegrees': '17.62638888888889'}",-3.039,25.66628787599277,57.00953184762984,33.7822685245776,15,Capricorn,"{'DegreeMinuteSecond': ""5° 1' 20"", 'TotalDegrees': '5.022222222222222'}",Venus,Jupiter,0,Direct,60,9.6625,-2,Leo,"{'DegreeMinuteSecond': ""22° 52' 47"", 'TotalDegrees': '22.879722222222224'}",255° 52' 33,255.87583333333333,21.95861111111111,30,4,45.07055555555556,0,Sagittarius,"{'DegreeMinuteSecond': ""15° 52' 32"", 'TotalDegrees': '15.875555555555556'}",Pisces,"{'DegreeMinuteSecond': ""21° 7' 44"", 'TotalDegrees': '21.128888888888888'}",Pisces,127.5,['Ketu'],0° 0' 0,0,279° 53' 29,279.8913888888889,302.12,Cancer,"{'DegreeMinuteSecond': ""22° 31' 59"", 'TotalDegrees': '22.533055555555556'}",Leo,"{'DegreeMinuteSecond': ""14° 0' 32"", 'TotalDegrees': '14.008888888888889'}",['Ketu'],['Rahu'],1.0194855126538043,194.4586111111111,302.12,"['Jupiter', 'Saturn', 'Venus', 'Moon', 'Mercury']",0,Sagittarius,"{'DegreeMinuteSecond': ""26° 15' 59"", 'TotalDegrees': '26.26638888888889'}",0,Gemini,"{'DegreeMinuteSecond': ""17° 30' 40"", 'TotalDegrees': '17.511111111111113'}",Sagittarius,"{'DegreeMinuteSecond': ""11° 49' 32"", 'TotalDegrees': '11.825555555555555'}",0,Gemini,"{ Longitude = 279.89154551703206, Latitude = 4.518677858600405E-06, DistanceAU = 0.983359272049687, SpeedLongitude = 0, SpeedLatitude = 0, SpeedDistance = 0 }"
01:40 01/01/2011 +0800,Sun,Sun,['Ketu'],House3,House3,House9,House11,False,False,False,True,False,False,False,False,False,False,True,False,False,False,False,False,True,True,False,False,False,False,False,False,True,False,False,False,False,True,False,True,True,False,False,False,False,0,Scorpio,"{'DegreeMinuteSecond': ""26° 18' 45"", 'TotalDegrees': '26.3125'}",MuditaDelighted,2.283959628759158,Gemini,"{'DegreeMinuteSecond': ""9° 47' 15"", 'TotalDegrees': '9.7875'}",Gemini,"{'DegreeMinuteSecond': ""3° 40' 20"", 'TotalDegrees': '3.672222222222222'}",Leo,"{'DegreeMinuteSecond': ""22° 2' 0"", 'TotalDegrees': '22.033333333333335'}",Poorvashada - 1,Bad,Taurus,"{'DegreeMinuteSecond': ""9° 10' 50"", 'TotalDegrees': '9.180555555555555'}",-23.086416148496337,14.167407407407408,0,Aries,"{'DegreeMinuteSecond': ""17° 45' 15"", 'TotalDegrees': '17.754166666666666'}",-18.45392361111111,Gemini,"{'DegreeMinuteSecond': ""11° 1' 0"", 'TotalDegrees': '11.016666666666667'}",Gemini,279° 56' 2,279.9338888888889,0,Aries,"{'DegreeMinuteSecond': ""17° 45' 15"", 'TotalDegrees': '17.754166666666666'}",-3.041,25.674511788066305,62.189885554685084,33.776018777298844,15,Capricorn,"{'DegreeMinuteSecond': ""6° 43' 20"", 'TotalDegrees': '6.722222222222222'}",Venus,Jupiter,0,Direct,60,14.661111111111111,-2,Leo,"{'DegreeMinuteSecond': ""23° 15' 45"", 'TotalDegrees': '23.2625'}",255° 55' 6,255.91833333333332,21.972685185185185,30,4,45.244814814814816,0,Sagittarius,"{'DegreeMinuteSecond': ""15° 55' 5"", 'TotalDegrees': '15.918055555555556'}",Pisces,"{'DegreeMinuteSecond': ""21° 25' 35"", 'TotalDegrees': '21.426388888888887'}",Pisces,127.5,['Ketu'],0° 0' 0,0,279° 56' 2,279.9338888888889,312.38,Cancer,"{'DegreeMinuteSecond': ""25° 5' 0"", 'TotalDegrees': '25.083333333333332'}",Leo,"{'DegreeMinuteSecond': ""14° 41' 20"", 'TotalDegrees': '14.688888888888888'}",['Ketu'],['Rahu'],1.0194899342327337,194.47268518518518,312.38,"['Jupiter', 'Saturn', 'Venus', 'Moon', 'Mercury']",0,Sagittarius,"{'DegreeMinuteSecond': ""27° 32' 30"", 'TotalDegrees': '27.541666666666668'}",0,Gemini,"{'DegreeMinuteSecond': ""18° 21' 40"", 'TotalDegrees': '18.36111111111111'}",Sagittarius,"{'DegreeMinuteSecond': ""25° 58' 10"", 'TotalDegrees': '25.969444444444445'}",0,Gemini,"{ Longitude = 279.9340242283871, Latitude = 5.782252891177714E-06, DistanceAU = 0.9833587811381014, SpeedLongitude = 0, SpeedLatitude = 0, SpeedDistance = 0 }"
02:40 01/01/2011 +0800,Sun,Sun,['Ketu'],House2,House2,House8,House10,False,False,False,True,False,True,False,False,False,False,True,False,False,False,False,False,True,True,False,False,False,False,False,False,True,False,False,False,False,False,False,True,False,False,False,True,True,0,Scorpio,"{'DegreeMinuteSecond': ""28° 13' 29"", 'TotalDegrees': '28.224722222222223'}",MuditaDelighted,2.2914747042161565,Gemini,"{'DegreeMinuteSecond': ""10° 56' 6"", 'TotalDegrees': '10.935'}",Gemini,"{'DegreeMinuteSecond': ""3° 50' 31"", 'TotalDegrees': '3.8419444444444446'}",Leo,"{'DegreeMinuteSecond': ""23° 3' 11"", 'TotalDegrees': '23.053055555555556'}",Poorvashada - 1,Good,Taurus,"{'DegreeMinuteSecond': ""9° 36' 19"", 'TotalDegrees': '9.605277777777777'}",-23.083410118313537,19.40222222222222,0,Aries,"{'DegreeMinuteSecond': ""17° 52' 53"", 'TotalDegrees': '17.88138888888889'}",-18.403125000000003,Gemini,"{'DegreeMinuteSecond': ""11° 31' 35"", 'TotalDegrees': '11.526388888888889'}",Gemini,279° 58' 35,279.9763888888889,60,Aries,"{'DegreeMinuteSecond': ""17° 52' 53"", 'TotalDegrees': '17.88138888888889'}",-3.042,25.682841223924843,127.37008581532727,33.76968561693559,15,Capricorn,"{'DegreeMinuteSecond': ""8° 25' 19"", 'TotalDegrees': '8.421944444444444'}",Venus,Jupiter,0,Direct,60,19.65972222222222,-1,Leo,"{'DegreeMinuteSecond': ""23° 38' 41"", 'TotalDegrees': '23.64472222222222'}",255° 57' 39,255.96083333333334,21.986944444444443,30,3,45.41888888888889,41.473026226389464,Sagittarius,"{'DegreeMinuteSecond': ""15° 57' 38"", 'TotalDegrees': '15.960555555555555'}",Pisces,"{'DegreeMinuteSecond': ""21° 43' 25"", 'TotalDegrees': '21.72361111111111'}",Pisces,127.5,['Ketu'],0° 0' 0,0,279° 58' 35,279.9763888888889,382.86,Cancer,"{'DegreeMinuteSecond': ""27° 37' 59"", 'TotalDegrees': '27.633055555555554'}",Leo,"{'DegreeMinuteSecond': ""15° 22' 7"", 'TotalDegrees': '15.368611111111111'}",['Ketu'],['Rahu'],1.0194943164467076,194.48694444444445,382.86,"['Jupiter', 'Saturn', 'Venus', 'Moon', 'Mercury']",0,Sagittarius,"{'DegreeMinuteSecond': ""28° 48' 59"", 'TotalDegrees': '28.816388888888888'}",0,Gemini,"{'DegreeMinuteSecond': ""19° 12' 39"", 'TotalDegrees': '19.210833333333333'}",Sagittarius,"{'DegreeMinuteSecond': ""6° 55' 49"", 'TotalDegrees': '6.9302777777777775'}",0,Gemini,"{ Longitude = 279.97650312371496, Latitude = 7.055626189517199E-06, DistanceAU = 0.9833582972647235, SpeedLongitude = 0, SpeedLatitude = 0, SpeedDistance = 0 }"
03:40 01/01/2011 +0800,Sun,Sun,['Ketu'],House2,House2,House8,,False,False,False,True,False,True,False,False,False,False,True,False,False,False,False,False,True,True,False,False,False,False,False,False,True,False,False,False,False,False,False,True,False,False,False,True,True,0,Sagittarius,"{'DegreeMinuteSecond': ""0° 8' 14"", 'TotalDegrees': '0.13722222222222222'}",MuditaDelighted,2.299021513893722,Gemini,"{'DegreeMinuteSecond': ""12° 4' 56"", 'TotalDegrees': '12.082222222222223'}",Gemini,"{'DegreeMinuteSecond': ""4° 0' 43"", 'TotalDegrees': '4.0119444444444445'}",Leo,"{'DegreeMinuteSecond': ""24° 4' 23"", 'TotalDegrees': '24.073055555555555'}",Poorvashada - 1,Good,Taurus,"{'DegreeMinuteSecond': ""10° 1' 50"", 'TotalDegrees': '10.030555555555555'}",-23.08039139444251,24.7987962962963,0,Aries,"{'DegreeMinuteSecond': ""18° 0' 32"", 'TotalDegrees': '18.00888888888889'}",-18.352326388888894,Gemini,"{'DegreeMinuteSecond': ""12° 2' 11"", 'TotalDegrees': '12.036388888888888'}",Gemini,280° 1' 8,280.0188888888889,0,Aries,"{'DegreeMinuteSecond': ""18° 0' 32"", 'TotalDegrees': '18.00888888888889'}",-3.044,25.69111389825932,72.55022521759743,33.763392404595045,15,Capricorn,"{'DegreeMinuteSecond': ""10° 7' 20"", 'TotalDegrees': '10.122222222222222'}",Venus,Jupiter,0,Direct,60,24.65833333333333,-2,Leo,"{'DegreeMinuteSecond': ""24° 1' 39"", 'TotalDegrees': '24.0275'}",256° 0' 12,256.00333333333333,22.00111111111111,30,3,45.59287037037037,5.775075987841937,Sagittarius,"{'DegreeMinuteSecond': ""16° 0' 11"", 'TotalDegrees': '16.003055555555555'}",Pisces,"{'DegreeMinuteSecond': ""22° 1' 16"", 'TotalDegrees': '22.02111111111111'}",Pisces,127.5,['Ketu'],0° 0' 0,0,280° 1' 8,280.0188888888889,333.5,Leo,"{'DegreeMinuteSecond': ""0° 10' 59"", 'TotalDegrees': '0.18305555555555555'}",Leo,"{'DegreeMinuteSecond': ""16° 2' 55"", 'TotalDegrees': '16.04861111111111'}",['Ketu'],['Rahu'],1.0194986463732163,194.5011111111111,333.5,"['Jupiter', 'Saturn', 'Venus', 'Moon', 'Mercury']",0,Sagittarius,"{'DegreeMinuteSecond': ""0° 5' 29"", 'TotalDegrees': '0.0913888888888889'}",0,Gemini,"{'DegreeMinuteSecond': ""20° 3' 40"", 'TotalDegrees': '20.06111111111111'}",Sagittarius,"{'DegreeMinuteSecond': ""20° 36' 56"", 'TotalDegrees': '20.615555555555556'}",0,Gemini,"{ Longitude = 280.01898220000214, Latitude = 8.338644405392783E-06, DistanceAU = 0.9833578204152033, SpeedLongitude = 0, SpeedLatitude = 0, SpeedDistance = 0 }"
04:40 01/01/2011 +0800,Sun,Sun,['Ketu'],House1,House2,House8,House9,False,False,False,True,False,True,False,False,False,False,True,False,False,False,False,False,True,True,False,False,False,False,False,False,True,False,False,False,False,False,False,True,False,False,False,True,True,0,Sagittarius,"{'DegreeMinuteSecond': ""2° 2' 59"", 'TotalDegrees': '2.049722222222222'}",MuditaDelighted,2.3066000532313424,Gemini,"{'DegreeMinuteSecond': ""13° 13' 48"", 'TotalDegrees': '13.23'}",Gemini,"{'DegreeMinuteSecond': ""4° 10' 56"", 'TotalDegrees': '4.182222222222222'}",Leo,"{'DegreeMinuteSecond': ""25° 5' 36"", 'TotalDegrees': '25.093333333333334'}",Poorvashada - 1,Good,Taurus,"{'DegreeMinuteSecond': ""10° 27' 19"", 'TotalDegrees': '10.455277777777777'}",-23.077359978707463,30.241574074074077,0,Aries,"{'DegreeMinuteSecond': ""18° 8' 12"", 'TotalDegrees': '18.136666666666667'}",-18.30152777777778,Gemini,"{'DegreeMinuteSecond': ""12° 32' 48"", 'TotalDegrees': '12.546666666666667'}",Gemini,280° 3' 41,280.06138888888887,0,Aries,"{'DegreeMinuteSecond': ""18° 8' 12"", 'TotalDegrees': '18.136666666666667'}",-3.045,25.699383909606343,77.73039634952764,33.75709801903396,15,Capricorn,"{'DegreeMinuteSecond': ""11° 49' 19"", 'TotalDegrees': '11.821944444444444'}",Venus,Jupiter,0,Direct,60,29.656944444444445,-2,Leo,"{'DegreeMinuteSecond': ""24° 24' 35"", 'TotalDegrees': '24.40972222222222'}",256° 2' 45,256.04583333333335,22.01527777777778,30,3,45.766851851851854,12.168423491254487,Sagittarius,"{'DegreeMinuteSecond': ""16° 2' 44"", 'TotalDegrees': '16.045555555555556'}",Pisces,"{'DegreeMinuteSecond': ""22° 19' 8"", 'TotalDegrees': '22.31888888888889'}",Pisces,127.5,['Ketu'],0° 0' 0,0,280° 3' 41,280.06138888888887,344.19,Leo,"{'DegreeMinuteSecond': ""2° 44' 0"", 'TotalDegrees': '2.7333333333333334'}",Leo,"{'DegreeMinuteSecond': ""16° 43' 44"", 'TotalDegrees': '16.72888888888889'}",['Ketu'],['Rahu'],1.019502918668746,194.51527777777778,344.19,"['Jupiter', 'Saturn', 'Venus', 'Moon', 'Mercury']",0,Sagittarius,"{'DegreeMinuteSecond': ""1° 22' 0"", 'TotalDegrees': '1.3666666666666667'}",0,Gemini,"{'DegreeMinuteSecond': ""20° 54' 39"", 'TotalDegrees': '20.910833333333333'}",Scorpio,"{'DegreeMinuteSecond': ""28° 35' 53"", 'TotalDegrees': '28.598055555555554'}",0,Gemini,"{ Longitude = 280.06146145560234, Latitude = 9.63115413002015E-06, DistanceAU = 0.9833573505753616, SpeedLongitude = 0, SpeedLatitude = 0, SpeedDistance = 0 }"
05:40 01/01/2011 +0800,Sun,Sun,['Ketu'],House1,House1,House7,House9,False,False,False,True,False,True,False,False,False,False,True,False,False,False,False,False,True,True,False,False,False,False,False,False,True,False,False,False,True,False,False,True,False,False,False,True,True,0,Sagittarius,"{'DegreeMinuteSecond': ""3° 57' 44"", 'TotalDegrees': '3.962222222222222'}",MuditaDelighted,2.3142103176595175,Gemini,"{'DegreeMinuteSecond': ""14° 22' 38"", 'TotalDegrees': '14.377222222222223'}",Gemini,"{'DegreeMinuteSecond': ""4° 21' 8"", 'TotalDegrees': '4.352222222222222'}",Leo,"{'DegreeMinuteSecond': ""26° 6' 48"", 'TotalDegrees': '26.113333333333333'}",Poorvashada - 1,Good,Taurus,"{'DegreeMinuteSecond': ""10° 52' 50"", 'TotalDegrees': '10.880555555555556'}",-23.074315872936193,35.59703703703703,0,Aries,"{'DegreeMinuteSecond': ""18° 15' 51"", 'TotalDegrees': '18.264166666666668'}",-18.250833333333325,Gemini,"{'DegreeMinuteSecond': ""13° 3' 24"", 'TotalDegrees': '13.056666666666667'}",Gemini,280° 6' 14,280.1038888888889,0,Aries,"{'DegreeMinuteSecond': ""18° 15' 51"", 'TotalDegrees': '18.264166666666668'}",-3.047,25.707597234194324,82.91050661395582,33.750843610855775,15,Capricorn,"{'DegreeMinuteSecond': ""13° 31' 20"", 'TotalDegrees': '13.522222222222222'}",Venus,Jupiter,0,Direct,60,34.65555555555556,-1,Leo,"{'DegreeMinuteSecond': ""24° 47' 33"", 'TotalDegrees': '24.7925'}",256° 5' 18,256.0883333333333,22.029351851851853,30,3,45.94074074074074,20.69564056345551,Sagittarius,"{'DegreeMinuteSecond': ""16° 5' 17"", 'TotalDegrees': '16.088055555555556'}",Pisces,"{'DegreeMinuteSecond': ""22° 36' 59"", 'TotalDegrees': '22.61638888888889'}",Pisces,127.5,['Ketu'],0° 0' 0,0,280° 6' 14,280.1038888888889,354.79,Leo,"{'DegreeMinuteSecond': ""5° 16' 59"", 'TotalDegrees': '5.283055555555555'}",Leo,"{'DegreeMinuteSecond': ""17° 24' 32"", 'TotalDegrees': '17.40888888888889'}",['Ketu'],['Rahu'],1.0195071385256766,194.52935185185186,354.79,"['Jupiter', 'Saturn', 'Venus', 'Moon', 'Mercury']",0,Sagittarius,"{'DegreeMinuteSecond': ""2° 38' 29"", 'TotalDegrees': '2.641388888888889'}",0,Gemini,"{'DegreeMinuteSecond': ""21° 45' 40"", 'TotalDegrees': '21.761111111111113'}",Sagittarius,"{'DegreeMinuteSecond': ""12° 22' 4"", 'TotalDegrees': '12.367777777777778'}",0,Gemini,"{ Longitude = 280.10394088879445, Latitude = 1.0933001580927136E-05, DistanceAU = 0.9833568877312074, SpeedLongitude = 0, SpeedLatitude = 0, SpeedDistance = 0 }"
06:40 01/01/2011 +0800,Sun,Sun,['Ketu'],House1,House1,House7,House8,False,False,False,True,False,True,False,False,False,False,True,False,False,False,False,False,True,True,False,False,False,False,False,False,True,False,False,False,True,False,False,True,False,False,False,True,True,0,Sagittarius,"{'DegreeMinuteSecond': ""5° 52' 30"", 'TotalDegrees': '5.875'}",MuditaDelighted,2.3218523025999183,Gemini,"{'DegreeMinuteSecond': ""15° 31' 30"", 'TotalDegrees': '15.525'}",Gemini,"{'DegreeMinuteSecond': ""4° 31' 20"", 'TotalDegrees': '4.522222222222222'}",Leo,"{'DegreeMinuteSecond': ""27° 7' 59"", 'TotalDegrees': '27.133055555555554'}",Poorvashada - 1,Good,Taurus,"{'DegreeMinuteSecond': ""11° 18' 20"", 'TotalDegrees': '11.305555555555555'}",-23.071259078960033,40.765,0,Aries,"{'DegreeMinuteSecond': ""18° 23' 30"", 'TotalDegrees': '18.391666666666666'}",-18.20013888888889,Gemini,"{'DegreeMinuteSecond': ""13° 33' 59"", 'TotalDegrees': '13.56638888888889'}",Gemini,280° 8' 47,280.1463888888889,0,Aries,"{'DegreeMinuteSecond': ""18° 23' 30"", 'TotalDegrees': '18.391666666666666'}",-3.048,25.715861944635567,88.08916711741475,33.74454688456261,15,Capricorn,"{'DegreeMinuteSecond': ""15° 13' 20"", 'TotalDegrees': '15.222222222222221'}",Venus,Jupiter,0,Direct,60,39.65277777777778,-1,Leo,"{'DegreeMinuteSecond': ""25° 10' 30"", 'TotalDegrees': '25.175'}",256° 7' 51,256.1308333333333,22.04351851851852,30,3,46.11453703703704,22.055421038471888,Sagittarius,"{'DegreeMinuteSecond': ""16° 7' 50"", 'TotalDegrees': '16.130555555555556'}",Pisces,"{'DegreeMinuteSecond': ""22° 54' 50"", 'TotalDegrees': '22.913888888888888'}",Pisces,127.5,['Ketu'],0° 0' 0,0,280° 8' 47,280.1463888888889,365.2,Leo,"{'DegreeMinuteSecond': ""7° 50' 0"", 'TotalDegrees': '7.833333333333333'}",Leo,"{'DegreeMinuteSecond': ""18° 5' 20"", 'TotalDegrees': '18.08888888888889'}",['Ketu'],['Rahu'],1.0195113015282615,194.5435185185185,365.2,"['Jupiter', 'Saturn', 'Venus', 'Moon', 'Mercury']",0,Sagittarius,"{'DegreeMinuteSecond': ""3° 55' 0"", 'TotalDegrees': '3.9166666666666665'}",0,Gemini,"{'DegreeMinuteSecond': ""22° 36' 40"", 'TotalDegrees': '22.61111111111111'}",Sagittarius,"{'DegreeMinuteSecond': ""27° 37' 53"", 'TotalDegrees': '27.63138888888889'}",0,Gemini,"{ Longitude = 280.14642049647574, Latitude = 1.224403108889068E-05, DistanceAU = 0.9833564318689558, SpeedLongitude = 0, SpeedLatitude = 0, SpeedDistance = 0 }"
07:40 01/01/2011 +0800,Sun,Sun,['Ketu'],House12,House12,House6,House8,False,False,False,True,False,False,False,False,False,False,True,False,False,False,False,False,True,True,False,False,False,False,False,False,True,False,False,False,False,False,False,True,False,False,False,True,False,0,Sagittarius,"{'DegreeMinuteSecond': ""7° 47' 15"", 'TotalDegrees': '7.7875'}",MuditaDelighted,2.3295260034655563,Gemini,"{'DegreeMinuteSecond': ""16° 40' 21"", 'TotalDegrees': '16.6725'}",Gemini,"{'DegreeMinuteSecond': ""4° 41' 32"", 'TotalDegrees': '4.692222222222222'}",Leo,"{'DegreeMinuteSecond': ""28° 9' 12"", 'TotalDegrees': '28.153333333333332'}",Poorvashada - 1,Good,Taurus,"{'DegreeMinuteSecond': ""11° 43' 49"", 'TotalDegrees': '11.730277777777777'}",-23.068189598613777,45.70972222222222,0,Aries,"{'DegreeMinuteSecond': ""18° 31' 9"", 'TotalDegrees': '18.519166666666667'}",-18.149513888888887,Gemini,"{'DegreeMinuteSecond': ""14° 4' 36"", 'TotalDegrees': '14.076666666666666'}",Gemini,280° 11' 20,280.18888888888887,0,Aries,"{'DegreeMinuteSecond': ""18° 31' 9"", 'TotalDegrees': '18.519166666666667'}",-3.05,25.724177991402044,93.26887785531741,33.73820781646036,15,Capricorn,"{'DegreeMinuteSecond': ""16° 55' 19"", 'TotalDegrees': '16.921944444444446'}",Venus,Jupiter,0,Direct,60,44.65138888888888,-1,Leo,"{'DegreeMinuteSecond': ""25° 33' 27"", 'TotalDegrees': '25.5575'}",256° 10' 24,256.17333333333335,22.057777777777776,30,4,46.287962962962965,28.53784146887593,Sagittarius,"{'DegreeMinuteSecond': ""16° 10' 23"", 'TotalDegrees': '16.173055555555557'}",Pisces,"{'DegreeMinuteSecond': ""23° 12' 41"", 'TotalDegrees': '23.211388888888887'}",Pisces,127.5,['Ketu'],0° 0' 0,0,280° 11' 20,280.18888888888887,375.39,Leo,"{'DegreeMinuteSecond': ""10° 23' 0"", 'TotalDegrees': '10.383333333333333'}",Leo,"{'DegreeMinuteSecond': ""18° 46' 8"", 'TotalDegrees': '18.76888888888889'}",['Ketu'],['Rahu'],1.0195154172765073,194.55777777777777,375.39,"['Jupiter', 'Saturn', 'Venus', 'Moon', 'Mercury']",0,Sagittarius,"{'DegreeMinuteSecond': ""5° 11' 30"", 'TotalDegrees': '5.191666666666666'}",0,Gemini,"{'DegreeMinuteSecond': ""23° 27' 39"", 'TotalDegrees': '23.460833333333333'}",Sagittarius,"{'DegreeMinuteSecond': ""21° 10' 45"", 'TotalDegrees': '21.179166666666667'}",0,Gemini,"{ Longitude = 280.1889002768715, Latitude = 1.3564087923407925E-05, DistanceAU = 0.9833559829749955, SpeedLongitude = 0, SpeedLatitude = 0, SpeedDistance = 0 }"
08:40 01/01/2011 +0800,Sun,Sun,['Ketu'],House11,House11,House5,House7,False,False,False,True,False,True,False,False,False,False,True,False,False,False,False,False,True,True,False,False,False,False,False,False,True,False,False,False,False,True,False,True,False,False,False,True,False,0,Sagittarius,"{'DegreeMinuteSecond': ""9° 42' 0"", 'TotalDegrees': '9.7'}",MuditaDelighted,2.337180957970535,Gemini,"{'DegreeMinuteSecond': ""17° 49' 12"", 'TotalDegrees': '17.82'}",Gemini,"{'DegreeMinuteSecond': ""4° 51' 44"", 'TotalDegrees': '4.862222222222222'}",Leo,"{'DegreeMinuteSecond': ""29° 10' 24"", 'TotalDegrees': '29.173333333333332'}",Poorvashada - 1,Good,Taurus,"{'DegreeMinuteSecond': ""12° 9' 20"", 'TotalDegrees': '12.155555555555555'}",-23.065127616811786,50.4587037037037,0,Aries,"{'DegreeMinuteSecond': ""18° 38' 48"", 'TotalDegrees': '18.64666666666667'}",-18.098888888888894,Gemini,"{'DegreeMinuteSecond': ""14° 35' 12"", 'TotalDegrees': '14.586666666666666'}",Gemini,280° 13' 52,280.2311111111111,0,Aries,"{'DegreeMinuteSecond': ""18° 38' 48"", 'TotalDegrees': '18.64666666666667'}",-3.051,25.732383402156035,98.4487550320446,33.73194990575618,15,Capricorn,"{'DegreeMinuteSecond': ""18° 37' 20"", 'TotalDegrees': '18.622222222222224'}",Venus,Jupiter,0,Direct,60,49.65,-1,Leo,"{'DegreeMinuteSecond': ""25° 56' 24"", 'TotalDegrees': '25.94'}",256° 12' 56,256.21555555555557,22.07185185185185,30,4,46.46157407407407,1.0875722215928172,Sagittarius,"{'DegreeMinuteSecond': ""16° 12' 56"", 'TotalDegrees': '16.215555555555557'}",Pisces,"{'DegreeMinuteSecond': ""23° 30' 32"", 'TotalDegrees': '23.50888888888889'}",Pisces,127.5,['Ketu'],0° 0' 0,0,280° 13' 52,280.2311111111111,385.38,Leo,"{'DegreeMinuteSecond': ""12° 56' 0"", 'TotalDegrees': '12.933333333333334'}",Leo,"{'DegreeMinuteSecond': ""19° 26' 56"", 'TotalDegrees': '19.448888888888888'}",['Ketu'],['Rahu'],1.0195194750902248,194.57185185185185,385.38,"['Jupiter', 'Saturn', 'Venus', 'Moon', 'Mercury']",0,Sagittarius,"{'DegreeMinuteSecond': ""6° 28' 0"", 'TotalDegrees': '6.466666666666667'}",0,Gemini,"{'DegreeMinuteSecond': ""24° 18' 40"", 'TotalDegrees': '24.31111111111111'}",Sagittarius,"{'DegreeMinuteSecond': ""13° 32' 3"", 'TotalDegrees': '13.534166666666666'}",0,Gemini,"{ Longitude = 280.2313802283077, Latitude = 1.4893015189422385E-05, DistanceAU = 0.9833555410359078, SpeedLongitude = 0, SpeedLatitude = 0, SpeedDistance = 0 }"
